{"cameraMode":{"drawMode":0,"name":"Shaded","section":"Shading Mode"},"sceneLighting":true,"audioPlay":false,"sceneViewState":{"showFog":false,"showMaterialUpdate":false,"showSkybox":false,"showFlares":false,"showImageEffects":false,"showParticleSystems":false},"in2DMode":false,"pivot":{"x":-19.273347854614259,"y":11.86761474609375,"z":-16.77827262878418},"rotation":{"x":0.40029796957969668,"y":-0.016483979299664499,"z":0.007201808970421553,"w":0.9162085056304932},"size":33.757781982421878,"orthographic":false}