{"cameraMode":{"drawMode":0,"name":"Shaded","section":"Shading Mode"},"sceneLighting":true,"audioPlay":false,"sceneViewState":{"showFog":false,"showMaterialUpdate":false,"showSkybox":false,"showFlares":false,"showImageEffects":false,"showParticleSystems":false},"in2DMode":false,"pivot":{"x":-25.50213050842285,"y":-3.2539045810699465,"z":-3.6488304138183595},"rotation":{"x":-0.32416826486587527,"y":0.021263737231492997,"z":-0.007288827560842037,"w":-0.9457323551177979},"size":42.99308776855469,"orthographic":false}