{"cameraMode":{"drawMode":0,"name":"Shaded","section":"Shading Mode"},"sceneLighting":true,"audioPlay":false,"sceneViewState":{"showFog":false,"showMaterialUpdate":false,"showSkybox":false,"showFlares":false,"showImageEffects":false,"showParticleSystems":false},"in2DMode":false,"pivot":{"x":119.69384002685547,"y":227.4976806640625,"z":75.30318450927735},"rotation":{"x":-0.29428771138191225,"y":0.007149044889956713,"z":-0.0022014586720615627,"w":-0.9556876420974731},"size":858.9283447265625,"orthographic":false}