{"cameraMode":{"drawMode":0,"name":"Shaded","section":"Shading Mode"},"sceneLighting":true,"audioPlay":false,"sceneViewState":{"showFog":false,"showMaterialUpdate":false,"showSkybox":false,"showFlares":false,"showImageEffects":false,"showParticleSystems":false},"in2DMode":false,"pivot":{"x":-25.204303741455079,"y":-26.56801986694336,"z":-21.169692993164064},"rotation":{"x":-0.5697634816169739,"y":0.001216583070345223,"z":-0.0008434997871518135,"w":-0.8218074440956116},"size":65.31721496582031,"orthographic":false}