{"cameraMode":{"drawMode":0,"name":"Shaded","section":"Shading Mode"},"sceneLighting":true,"audioPlay":false,"sceneViewState":{"showFog":false,"showMaterialUpdate":false,"showSkybox":false,"showFlares":false,"showImageEffects":false,"showParticleSystems":false},"in2DMode":false,"pivot":{"x":1.5369600057601929,"y":4.160120010375977,"z":6.693373680114746},"rotation":{"x":-0.1688171923160553,"y":0.8028533458709717,"z":-0.2684818208217621,"w":-0.5048215985298157},"size":30.995853424072267,"orthographic":false}