{"cameraMode":{"drawMode":0,"name":"Shaded","section":"Shading Mode"},"sceneLighting":false,"audioPlay":false,"sceneViewState":{"showFog":true,"showMaterialUpdate":false,"showSkybox":true,"showFlares":true,"showImageEffects":true,"showParticleSystems":true},"in2DMode":false,"pivot":{"x":-22.030000686645509,"y":1.2300000190734864,"z":-15.222999572753907},"rotation":{"x":-0.11618956178426743,"y":0.4802127182483673,"z":-0.06435217708349228,"w":-0.8670377731323242},"size":0.33702537417411806,"orthographic":false}