{"cameraMode":{"drawMode":0,"name":"Shaded","section":"Shading Mode"},"sceneLighting":true,"audioPlay":false,"sceneViewState":{"showFog":false,"showMaterialUpdate":false,"showSkybox":false,"showFlares":false,"showImageEffects":false,"showParticleSystems":false},"in2DMode":false,"pivot":{"x":-25.754594802856447,"y":-0.8476597666740418,"z":26.39674186706543},"rotation":{"x":0.21247008442878724,"y":-0.6474192142486572,"z":0.19493643939495088,"w":0.705481767654419},"size":38.409637451171878,"orthographic":true}