{"cameraMode":{"drawMode":0,"name":"Shaded","section":"Shading Mode"},"sceneLighting":true,"audioPlay":false,"sceneViewState":{"showFog":false,"showMaterialUpdate":false,"showSkybox":false,"showFlares":false,"showImageEffects":false,"showParticleSystems":false},"in2DMode":false,"pivot":{"x":-24.286785125732423,"y":66.11369323730469,"z":-57.11262512207031},"rotation":{"x":0.3048957884311676,"y":0.02172284759581089,"z":-0.006956017110496759,"w":0.9521125555038452},"size":69.07392883300781,"orthographic":false}