{"cameraMode":{"drawMode":0,"name":"Shaded","section":"Shading Mode"},"sceneLighting":true,"audioPlay":false,"sceneViewState":{"showFog":false,"showMaterialUpdate":false,"showSkybox":false,"showFlares":false,"showImageEffects":false,"showParticleSystems":false},"in2DMode":false,"pivot":{"x":-23.88968276977539,"y":5.358493804931641,"z":-29.168996810913087},"rotation":{"x":0.12436629831790924,"y":-0.7383520007133484,"z":0.14160607755184174,"w":0.6475470066070557},"size":19.744117736816408,"orthographic":true}