{"cameraMode":{"drawMode":0,"name":"Shaded","section":"Shading Mode"},"sceneLighting":true,"audioPlay":false,"sceneViewState":{"showFog":false,"showMaterialUpdate":false,"showSkybox":false,"showFlares":false,"showImageEffects":false,"showParticleSystems":false},"in2DMode":false,"pivot":{"x":-100.21021270751953,"y":-163.63473510742188,"z":399.93756103515627},"rotation":{"x":-0.19983947277069093,"y":0.06255980581045151,"z":-0.012786580249667168,"w":-0.9777458906173706},"size":464.1189880371094,"orthographic":false}