{"cameraMode":{"drawMode":0,"name":"Shaded","section":"Shading Mode"},"sceneLighting":true,"audioPlay":false,"sceneViewState":{"showFog":false,"showMaterialUpdate":false,"showSkybox":false,"showFlares":false,"showImageEffects":false,"showParticleSystems":false},"in2DMode":false,"pivot":{"x":-21.752178192138673,"y":47.87559509277344,"z":-49.03855895996094},"rotation":{"x":-0.29428771138191225,"y":0.007149044889956713,"z":-0.0022014586720615627,"w":-0.9556876420974731},"size":11.868351936340332,"orthographic":false}